negara,kawasan,lat,lon,jenis_titik,wisman_2024
Malaysia,ASEAN,3.14,101.69,negara,2278281
Australia,Oseania,-25.0,134.0,negara,1671222
Singapura,ASEAN,1.35,103.82,negara,1408015
Tiongkok,Asia Lainnya,34.5,104.0,negara,1198582
Timor Leste,Asia Lainnya,-8.87,125.73,negara,776294
India,Asia Lainnya,22.0,79.0,negara,710688
ASEAN Lainnya,ASEAN,15.0,103.5,wilayah,580339
Korea Selatan,Asia Lainnya,36.5,127.9,negara,436054
Amerika Serikat,Amerika,39.8,-98.6,negara,418196
Inggris,Eropa,54.0,-2.0,negara,392133
Perancis,Eropa,46.6,2.5,negara,346337
Jepang,Asia Lainnya,36.2,138.3,negara,338934
Belanda,Eropa,52.1,5.3,negara,314211
Jerman,Eropa,51.0,10.0,negara,281397
Filipina,ASEAN,12.9,121.8,negara,239714
Eropa Timur Lainnya,Eropa,50.0,25.0,wilayah,238217
Taiwan,Asia Lainnya,23.7,121.0,negara,183341
Rusia,Eropa,55.75,37.62,negara,180215
Selandia Baru,Oseania,-41.0,174.0,negara,159229
Spanyol,Eropa,40.0,-3.7,negara,142247
Saudi Arabia,Timur Tengah,24.0,45.0,negara,135643
Italia,Eropa,42.8,12.5,negara,131149
Papua Nugini,Oseania,-6.3,147.2,negara,124492
Thailand,ASEAN,13.75,100.5,negara,119664
Vietnam,ASEAN,16.0,107.5,negara,106630
Asia Lainnya,Asia Lainnya,43.0,68.0,wilayah,100960
Kanada,Amerika,56.1,-106.3,negara,87889
Amerika Selatan,Amerika,-15.0,-60.0,wilayah,77880
Swiss,Eropa,46.8,8.2,negara,58205
Hong Kong,Asia Lainnya,22.32,114.17,negara,56302
Afrika Lainnya,Afrika,1.0,20.0,wilayah,55549
Belgia,Eropa,50.5,4.5,negara,52826
Myanmar,ASEAN,19.7,96.1,negara,49255
Eropa Barat Lainnya,Eropa,49.0,2.0,wilayah,45003
Timur Tengah Lainnya,Timur Tengah,31.0,36.0,wilayah,44635
Denmark,Eropa,56.0,9.5,negara,42141
Swedia,Eropa,62.0,15.0,negara,40297
Austria,Eropa,47.5,14.5,negara,39041
Portugal,Eropa,39.6,-8.0,negara,37350
Afrika Selatan,Afrika,-28.5,24.7,negara,33135
Pakistan,Asia Lainnya,30.4,69.3,negara,23150
Norwegia,Eropa,61.0,9.0,negara,22170
Amerika Lainnya,Amerika,15.0,-80.0,wilayah,19829
Brunei Darussalam,ASEAN,4.5,114.7,negara,19796
Mesir,Timur Tengah,26.8,30.8,negara,19719
Finlandia,Eropa,64.0,26.0,negara,14859
Bangladesh,Asia Lainnya,23.7,90.4,negara,12674
Sri Lanka,Asia Lainnya,7.87,80.77,negara,10178
Uni Emirat Arab,Timur Tengah,24.0,54.0,negara,9120
Yaman,Timur Tengah,15.5,47.5,negara,6739
Kuwait,Timur Tengah,29.3,47.5,negara,5090
Bahrain,Timur Tengah,26.0,50.55,negara,2114
Amerika Tengah,Amerika,12.8,-85.0,wilayah,1890
Oseania Lainnya,Oseania,-17.7,178.0,wilayah,1794
Qatar,Timur Tengah,25.3,51.2,negara,1606
