bulan_data,tanggal_rilis,file,url,judul_ringkas
2015-11,2016-01-04,2016-01-04_1054.pdf,https://www.bps.go.id/id/pressrelease/2016/01/04/1054/wisatawan-mancanegara-november-2015-capai-777-5-ribu--naik-1-70-persen-dari-november-2014.html,"Wisatawan Mancanegara November 2015 capai 777,5 Ribu, Naik 1,70% dari November 2014 Jumlah kunjungan wisatawan"
2016-01,2016-03-01,2016-03-01_1056.pdf,https://www.bps.go.id/id/pressrelease/2016/03/01/1056/kunjungan-wisatawan-mancanegara-januari-2016-mencapai-814-3-ribu.html,"Kunjungan Wisatawan Mancanegara Januari 2016 Mencapai 814,3 Ribu Jumlah kunjungan wisatawan mancanegara atau w"
2016-02,2016-04-01,2016-04-01_1057.pdf,https://www.bps.go.id/id/pressrelease/2016/04/01/1057/kunjungan-wisman-februari-2016-mencapai-888-3-ribu-kunjungan--naik-5-26-persen-dibanding-februari-2015.html,"Kunjungan Wisman Februari 2016 mencapai 888,3 ribu kunjungan, naik 5,26 persen dibanding Februari 2015 Jumlah "
2016-04,2016-06-01,2016-06-01_1059.pdf,https://www.bps.go.id/id/pressrelease/2016/06/01/1059/kunjungan-wisatawan-mancanegara-ke-indonesia-april-2016-mencapai-901-1-ribu-kunjungan.html,"Kunjungan Wisatawan Mancanegara Ke Indonesia April 2016 Mencapai 901,1 Ribu Kunjungan Jumlah kunjungan wisataw"
2016-05,2016-07-01,2016-07-01_1060.pdf,https://www.bps.go.id/id/pressrelease/2016/07/01/1060/jumlah-kunjungan-wisman-ke-indonesia-mei-2016-mencapai-915-2-ribu-kunjungan.html,"Jumlah Kunjungan Wisman ke Indonesia Mei 2016 Mencapai 915,2 Ribu Kunjungan Jumlah kunjungan wisatawan mancane"
2016-06,2016-08-01,2016-08-01_1061.pdf,https://www.bps.go.id/id/pressrelease/2016/08/01/1061/jumlah-kunjungan-wisman-ke-indonesia-juni-2016-mencapai-857-7-ribu-kunjungan.html,"Jumlah Kunjungan Wisman ke Indonesia Juni 2016 Mencapai 857,7 Ribu Kunjungan Jumlah kunjungan wisatawan mancan"
2016-07,2016-09-01,2016-09-01_1062.pdf,https://www.bps.go.id/id/pressrelease/2016/09/01/1062/wisatawan-mancanegara-bulan-juli-mencapai-1-03-juta-kunjungan.html,"Wisatawan Mancanegara bulan Juli mencapai 1,03 Juta Kunjungan Jumlah kunjungan wisatawan mancanegara atau wism"
2016-08,2016-10-03,2016-10-03_1063.pdf,https://www.bps.go.id/id/pressrelease/2016/10/03/1063/wisatawan-mancanegara-bulan-agustus-mencapai-1-03-juta-kunjungan.html,"Wisatawan Mancanegara bulan Agustus mencapai 1,03 Juta Kunjungan Jumlah kunjungan wisatawan mancanegara atau w"
2016-09,2016-11-01,2016-11-01_1064.pdf,https://www.bps.go.id/id/pressrelease/2016/11/01/1064/jumlah-kunjungan-wisman-september-2016-mencapai-1-01-juta-kunjungan.html,"Jumlah Kunjungan Wisman September 2016 Mencapai 1,01 Juta Kunjungan Jumlah kunjungan wisatawan mancanegara ata"
2016-10,2016-12-01,2016-12-01_1065.pdf,https://www.bps.go.id/id/pressrelease/2016/12/01/1065/jumlah-kunjungan-wisman-oktober-2016-mencapai-1-04-juta-kunjungan.html,"Jumlah Kunjungan Wisman Oktober 2016 Mencapai 1,04 Juta Kunjungan Jumlah kunjungan wisatawan mancanegara atau "
2016-11,2017-01-03,2017-01-03_1326.pdf,https://www.bps.go.id/id/pressrelease/2017/01/03/1326/wisatawan-mancanegara-november-2016-mencapai-1-juta-kunjungan.html,Wisatawan Mancanegara November 2016 Mencapai 1 Juta Kunjungan Jumlah kunjungan wisatawan mancanegara atau wism
2016-12,2017-02-16,2017-02-16_1403.pdf,https://www.bps.go.id/id/pressrelease/2017/02/16/1403/wisatawan-mancanegara-desember-2016-mencapai-1-11-juta-kunjungan.html,"Wisatawan Mancanegara Desember 2016 Mencapai 1,11 Juta Kunjungan Jumlah kunjungan wisatawan mancanegara atau w"
2017-01,2017-03-01,2017-03-01_1316.pdf,https://www.bps.go.id/id/pressrelease/2017/03/01/1316/kunjungan-wisman-january-2017-mencapai-1-03-juta-kunjungan.html,"Kunjungan Wisman January 2017 Mencapai 1,03 Juta Kunjungan Jumlah kunjungan wisatawan mancanegara atau wisman "
2017-02,2017-04-03,2017-04-03_1317.pdf,https://www.bps.go.id/id/pressrelease/2017/04/03/1317/kunjungan-wisman-februari-2017-mencapai-957-58-ribu-kunjungan.html,"Kunjungan Wisman Februari 2017 Mencapai 957,58 Ribu Kunjungan Jumlah kunjungan wisatawan mancanegara atau wism"
2017-03,2017-05-02,2017-05-02_1318.pdf,https://www.bps.go.id/id/pressrelease/2017/05/02/1318/jumlah-kunjungan-wisatawan-mancanegara-ke-indonesia-maret-2017-mencapai-1-02-juta-kunjungan--naik-11-64-persen-dibanding-kunjungan-maret-2016.html,"Jumlah kunjungan wisatawan mancanegara ke Indonesia Maret 2017 mencapai 1,02 juta kunjungan, naik 11,64% diban"
2017-04,2017-06-02,2017-06-02_1319.pdf,https://www.bps.go.id/id/pressrelease/2017/06/02/1319/jumlah-kunjungan-wisatawan-mancanegara-ke-indonesia-april-2017-naik-26-75-persen-dibanding-april-2016.html,"Jumlah kunjungan wisatawan mancanegara ke Indonesia April 2017 naik 26,75 persen dibanding April 2016 Jumlah k"
2017-05,2017-07-03,2017-07-03_1320.pdf,https://www.bps.go.id/id/pressrelease/2017/07/03/1320/jumlah-kunjungan-wisatawan-mancanegara-ke-indonesia-mei-2017-mencapai-1-16-juta.html,Jumlah Kunjungan Wisatawan Mancanegara ke Indonesia Mei 2017 mencapai 1.16 Juta Jumlah kunjungan wisatawan man
2017-06,2017-08-01,2017-08-01_1321.pdf,https://www.bps.go.id/id/pressrelease/2017/08/01/1321/kunjungan-wisman-juni-2017-mencapai-1-13-juta-kunjungan-.html,"Kunjungan Wisman Juni 2017 Mencapai 1,13 Juta Kunjungan Jumlah kunjungan wisatawan mancanegara atau wisman ke "
2017-07,2017-09-04,2017-09-04_1322.pdf,https://www.bps.go.id/id/pressrelease/2017/09/04/1322/kunjungan-wisman-juli-2017-mencapai-1-35-juta-kunjungan.html,"Kunjungan Wisman Juli 2017 Mencapai 1,35 Juta Kunjungan Jumlah kunjungan wisatawan mancanegara atau wisman ke "
2017-08,2017-10-02,2017-10-02_1323.pdf,https://www.bps.go.id/id/pressrelease/2017/10/02/1323/kunjungan-wisman-agustus-2017-mencapai-1-4-juta-kunjungan.html,"Kunjungan Wisman Agustus 2017 Mencapai 1,4 Juta Kunjungan Jumlah kunjungan wisatawan mancanegara atau wisman k"
2017-09,2017-11-01,2017-11-01_1324.pdf,https://www.bps.go.id/id/pressrelease/2017/11/01/1324/jumlah-kunjungan-wisman-ke-indonesia-september-2017-mencapai-1-21-juta-kunjungan--.html,"Jumlah kunjungan wisman ke Indonesia September 2017 mencapai 1,21 juta kunjungan. Jumlahkunjunganwisatawanmanc"
2017-10,2017-12-04,2017-12-04_1325.pdf,https://www.bps.go.id/id/pressrelease/2017/12/04/1325/jumlah-kunjungan-wisman-ke-indonesia-oktober-2017-mencapai-1-16-juta-kunjungan.html,"Jumlah kunjungan wisman ke Indonesia Oktober 2017 mencapai 1,16 juta kunjungan Jumlahkunjunganwisatawanmancane"
2017-11,2018-01-02,2018-01-02_1408.pdf,https://www.bps.go.id/id/pressrelease/2018/01/02/1408/jumlah-kunjungan-wisman-ke-indonesia-november-2017-mencapai-1-06-juta-kunjungan-.html,"Jumlah kunjungan wisman ke Indonesia November 2017 mencapai 1,06 juta kunjungan. Jumlah kunjungan wisatawan ma"
2017-12,2018-02-01,2018-02-01_1468.pdf,https://www.bps.go.id/id/pressrelease/2018/02/01/1468/jumlah-kunjungan-wisman-ke-indonesia-desember-2017-mencapai-1-15-juta-kunjungan--.html,"Jumlah kunjungan wisman ke Indonesia Desember 2017 mencapai 1,15 juta kunjungan. Jumlah kunjungan wisatawan ma"
2018-01,2018-03-01,2018-03-01_1469.pdf,https://www.bps.go.id/id/pressrelease/2018/03/01/1469/jumlah-kunjungan-wisman-ke-indonesia-januari-2018-mencapai-1-04-juta-kunjungan--.html,"Jumlah kunjungan wisman ke Indonesia Januari 2018 mencapai 1,04 juta kunjungan. Jumlah kunjungan wisatawan man"
2018-02,2018-04-02,2018-04-02_1470.pdf,https://www.bps.go.id/id/pressrelease/2018/04/02/1470/jumlah-kunjungan-wisman-ke-indonesia-februari-2018-mencapai-1-2-juta-kunjungan--.html,"Jumlah kunjungan wisman ke Indonesia Februari 2018 mencapai 1,2 juta kunjungan. Jumlah kunjungan wisatawan man"
2018-03,2018-05-02,2018-05-02_1471.pdf,https://www.bps.go.id/id/pressrelease/2018/05/02/1471/jumlah-kunjungan-wisman-ke-indonesia-maret-2018-mencapai-1-36-juta-kunjungan--.html,"Jumlah kunjungan wisman ke Indonesia Maret 2018 mencapai 1,36 juta kunjungan. Jumlah kunjungan wisatawan manca"
2018-04,2018-06-04,2018-06-04_1472.pdf,https://www.bps.go.id/id/pressrelease/2018/06/04/1472/jumlah-kunjungan-wisman-ke-indonesia-april-2018-mencapai-1-30-juta-kunjungan--.html,"Jumlah kunjungan wisman ke Indonesia April 2018 mencapai 1,30 juta kunjungan. Jumlahkunjunganwisatawanmancaneg"
2018-05,2018-07-02,2018-07-02_1473.pdf,https://www.bps.go.id/id/pressrelease/2018/07/02/1473/jumlah-kunjungan-wisman-ke-indonesia-mei-2018-mencapai-1-20-juta-kunjungan--.html,"Jumlah kunjungan wisman ke Indonesia Mei 2018 mencapai 1,20 juta kunjungan. Jumlah kunjungan wisatawan mancane"
2018-06,2018-08-01,2018-08-01_1474.pdf,https://www.bps.go.id/id/pressrelease/2018/08/01/1474/jumlah-kunjungan-wisman-ke-indonesia-juni-2018-mencapai-1-32-juta-kunjungan.html,"Jumlah kunjungan wisman ke Indonesia Juni 2018 mencapai 1,32 juta kunjungan Jumlah kunjungan wisatawan mancane"
2018-07,2018-09-03,2018-09-03_1475.pdf,https://www.bps.go.id/id/pressrelease/2018/09/03/1475/jumlah-kunjungan-wisman-ke-indonesia-juli-2018-mencapai-1-54-juta-kunjungan-.html,"Jumlah kunjungan wisman ke Indonesia Juli 2018 mencapai 1,54 juta kunjungan. Jumlah kunjungan wisatawan mancan"
2018-08,2018-10-01,2018-10-01_1476.pdf,https://www.bps.go.id/id/pressrelease/2018/10/01/1476/jumlah-kunjungan-wisman-ke-indonesia-agustus-2018-mencapai-1-51-juta-kunjungan-.html,"Jumlah kunjungan wisman ke Indonesia Agustus 2018 mencapai 1,51 juta kunjungan. Jumlah kunjungan wisatawan man"
2018-09,2018-11-01,2018-11-01_1477.pdf,https://www.bps.go.id/id/pressrelease/2018/11/01/1477/jumlah-kunjungan-wisman-ke-indonesia-september-2018-mencapai-1-35-juta-kunjungan.html,"Jumlah kunjungan wisman ke Indonesia September 2018 mencapai 1,35 juta kunjungan Jumlah kunjungan wisatawan ma"
2018-10,2018-12-03,2018-12-03_1478.pdf,https://www.bps.go.id/id/pressrelease/2018/12/03/1478/jumlah-kunjungan-wisman-ke-indonesia-oktober-2018-mencapai-1-29-juta-kunjungan.html,"Jumlah kunjungan wisman ke Indonesia Oktober 2018 mencapai 1,29 juta kunjungan Jumlah kunjungan wisatawan manc"
2018-11,2019-01-02,2019-01-02_1542.pdf,https://www.bps.go.id/id/pressrelease/2019/01/02/1542/jumlah-kunjungan-wisman-ke-indonesia-november-2018-mencapai-1-15-juta-kunjungan.html,"Jumlah kunjungan wisman ke Indonesia November 2018 mencapai 1,15 juta kunjungan Jumlah kunjungan wisatawan man"
2018-12,2019-02-01,2019-02-01_1543.pdf,https://www.bps.go.id/id/pressrelease/2019/02/01/1543/jumlah-kunjungan-wisman-ke-indonesia-desember-2018-mencapai-1-41-juta-kunjungan.html,"Jumlah kunjungan wisman ke Indonesia Desember 2018 mencapai 1,41 juta kunjungan Jumlahkunjunganwisatawanmancan"
2019-01,2019-03-01,2019-03-01_1609.pdf,https://www.bps.go.id/id/pressrelease/2019/03/01/1609/jumlah-kunjungan-wisman-ke-indonesia-januari-2019-mencapai-1-16-juta-kunjungan-.html,"Jumlah kunjungan wisman ke Indonesia Januari 2019 mencapai 1,16 juta kunjungan. Jumlah kunjungan wisatawan man"
2019-02,2019-04-01,2019-04-01_1610.pdf,https://www.bps.go.id/id/pressrelease/2019/04/01/1610/jumlah-kunjungan-wisman-ke-indonesia-februari-2019-mencapai-1-27-juta-kunjungan.html,"Jumlah kunjungan wisman ke Indonesia Februari 2019 mencapai 1,27 juta kunjungan Jumlah kunjungan wisatawan man"
2019-03,2019-05-02,2019-05-02_1611.pdf,https://www.bps.go.id/id/pressrelease/2019/05/02/1611/jumlah-kunjungan-wisman-ke-indonesia-maret-2019-mencapai-1-34-juta-kunjungan.html,"Jumlah kunjungan wisman ke Indonesia Maret 2019 mencapai 1,34 juta kunjungan Jumlah kunjungan wisatawan mancan"
2019-04,2019-06-10,2019-06-10_1612.pdf,https://www.bps.go.id/id/pressrelease/2019/06/10/1612/jumlah-kunjungan-wisman-ke-indonesia-april-2019-mencapai-1-30-juta-kunjungan.html,"Jumlah kunjungan wisman ke Indonesia April 2019 mencapai 1,30 juta kunjungan Jumlah kunjungan wisatawan mancan"
2019-05,2019-07-01,2019-07-01_1613.pdf,https://www.bps.go.id/id/pressrelease/2019/07/01/1613/jumlah-kunjungan-wisman-ke-indonesia-mei-2019-mencapai-1-26-juta-kunjungan-.html,"Jumlah kunjungan wisman ke Indonesia Mei 2019 mencapai 1,26 juta kunjungan. Jumlah kunjungan wisatawan mancane"
2019-06,2019-08-01,2019-08-01_1615.pdf,https://www.bps.go.id/id/pressrelease/2019/08/01/1615/jumlah-kunjungan-wisman-ke-indonesia-juni-2019-mencapai-1-45-juta-kunjungan-.html,"Jumlah kunjungan wisman ke Indonesia Juni 2019 mencapai 1,45 juta kunjungan. Jumlah kunjungan wisatawan mancan"
2019-07,2019-09-02,2019-09-02_1614.pdf,https://www.bps.go.id/id/pressrelease/2019/09/02/1614/jumlah-kunjungan-wisman-ke-indonesia-juli-2019-mencapai-1-48-juta.html,"Jumlah kunjungan wisman ke Indonesia Juli 2019 mencapai 1,48 juta Jumlah kunjungan wisatawan mancanegara atau "
2019-08,2019-10-01,2019-10-01_1616.pdf,https://www.bps.go.id/id/pressrelease/2019/10/01/1616/jumlah-kunjungan-wisman-ke-indonesia-agustus-2019-mencapai-1-56-juta-kunjungan.html,"Jumlah kunjungan wisman ke Indonesia Agustus 2019 mencapai 1,56 juta kunjungan Jumlah kunjungan wisatawan manc"
2019-09,2019-11-01,2019-11-01_1617.pdf,https://www.bps.go.id/id/pressrelease/2019/11/01/1617/jumlah-kunjungan-wisman-ke-indonesia-september-2019-mencapai-1-40-juta-kunjungan-.html,"Jumlah kunjungan wisman ke Indonesia September 2019 mencapai 1,40 juta kunjungan. Jumlah kunjungan wisatawan m"
2019-10,2019-12-02,2019-12-02_1618.pdf,https://www.bps.go.id/id/pressrelease/2019/12/02/1618/jumlah-kunjungan-wisman-ke-indonesia-oktober-2019-mencapai-1-35-juta-kunjungan-.html,"Jumlah kunjungan wisman ke Indonesia Oktober 2019 mencapai 1,35 juta kunjungan. Jumlah kunjungan wisatawan man"
2019-11,2020-01-02,2020-01-02_1651.pdf,https://www.bps.go.id/id/pressrelease/2020/01/02/1651/jumlah-kunjungan-wisman-ke-indonesia-november-2019-mencapai-1-29-juta-kunjungan.html,"Jumlah kunjungan wisman ke Indonesia November 2019 mencapai 1,29 juta kunjungan Jumlah kunjungan wisatawan man"
2019-12,2020-02-03,2020-02-03_1711.pdf,https://www.bps.go.id/id/pressrelease/2020/02/03/1711/jumlah-kunjungan-wisman-ke-indonesia-desember-2019-mencapai-1-38-juta-kunjungan-.html,"Jumlah kunjungan wisman ke Indonesia Desember 2019 mencapai 1,38 juta kunjungan. Jumlah kunjungan wisatawan ma"
2020-01,2020-03-02,2020-03-02_1712.pdf,https://www.bps.go.id/id/pressrelease/2020/03/02/1712/jumlah-kunjungan-wisman-ke-indonesia-januari-2020-mencapai-1-27-juta-kunjungan-.html,"Jumlah kunjungan wisman ke Indonesia Januari 2020 mencapai 1,27 juta kunjungan. Jumlah kunjungan wisatawan man"
2020-02,2020-04-01,2020-04-01_1713.pdf,https://www.bps.go.id/id/pressrelease/2020/04/01/1713/jumlah-kunjungan-wisman-ke-indonesia-februari-2020-mencapai-885-07-ribu-kunjungan--sementara-tpk-hotel-klasifikasi-bintang-februari-2020-mencapai-49-22-persen-.html,"Jumlah kunjungan wisman ke Indonesia Februari 2020 mencapai 885,07 ribu kunjungan. Sementara TPK hotel klasifi"
2020-03,2020-05-04,2020-05-04_1714.pdf,https://www.bps.go.id/id/pressrelease/2020/05/04/1714/jumlah-kunjungan-wisman-ke-indonesia-maret-2020-mencapai-470-90-ribu-kunjungan-.html,"Jumlah kunjungan wisman ke Indonesia Maret 2020 mencapai 470,90 ribu kunjungan. Jumlah kunjungan wisatawan man"
2020-04,2020-06-02,2020-06-02_1715.pdf,https://www.bps.go.id/id/pressrelease/2020/06/02/1715/jumlah-kunjungan-wisman-ke-indonesia-april-2020-mencapai-160-04-ribu-kunjungan.html,"Jumlah kunjungan wisman ke Indonesia April 2020 mencapai 160,04 ribu kunjungan Jumlah kunjungan wisatawan manc"
2020-05,2020-07-01,2020-07-01_1716.pdf,https://www.bps.go.id/id/pressrelease/2020/07/01/1716/jumlah-kunjungan-wisman-ke-indonesia-mei-2020-mencapai-163-65-ribu-kunjungan-.html,"Jumlah kunjungan wisman ke Indonesia Mei 2020 mencapai 163,65 ribu kunjungan. Jumlah kunjungan wisatawan manca"
2020-06,2020-08-03,2020-08-03_1717.pdf,https://www.bps.go.id/id/pressrelease/2020/08/03/1717/jumlah-kunjungan-wisman-ke-indonesia-juni-2020-mencapai-160-28-ribu-kunjungan-.html,"Jumlah kunjungan wisman ke Indonesia Juni 2020 mencapai 160,28 ribu kunjungan. Jumlah kunjungan wisatawan manc"
2020-07,2020-09-01,2020-09-01_1718.pdf,https://www.bps.go.id/id/pressrelease/2020/09/01/1718/jumlah-kunjungan-wisman-ke-indonesia-juli-2020-mencapai-159-76--ribu-kunjungan-.html,"Jumlah kunjungan wisman ke Indonesia Juli 2020 mencapai 159,76 ribu kunjungan. Jumlah kunjungan wisatawan manc"
2020-08,2020-10-01,2020-10-01_1719.pdf,https://www.bps.go.id/id/pressrelease/2020/10/01/1719/jumlah-kunjungan-wisman-ke-indonesia-agustus-2020-mencapai-164-97-ribu-kunjungan-.html,"Jumlah kunjungan wisman ke Indonesia Agustus 2020 mencapai 164,97 ribu kunjungan. Jumlah kunjungan wisatawan m"
2020-09,2020-11-02,2020-11-02_1720.pdf,https://www.bps.go.id/id/pressrelease/2020/11/02/1720/jumlah-kunjungan-wisman-ke-indonesia-september-2020-mencapai-153-50-ribu-kunjungan-.html,"Jumlah kunjungan wisman ke Indonesia September 2020 mencapai 153,50 ribu kunjungan. Jumlah kunjungan wisatawan"
2020-10,2020-12-01,2020-12-01_1721.pdf,https://www.bps.go.id/id/pressrelease/2020/12/01/1721/jumlah-kunjungan-wisman-ke-indonesia-oktober-2020-mencapai-158-19-ribu-kunjungan-.html,"Jumlah kunjungan wisman ke Indonesia Oktober 2020 mencapai 158,19 ribu kunjungan. Jumlah kunjungan wisatawan m"
2020-11,2021-01-04,2021-01-04_1795.pdf,https://www.bps.go.id/id/pressrelease/2021/01/04/1795/jumlah-kunjungan-wisman-ke-indonesia-bulan-november-2020-mencapai-175-31-ribu-kunjungan-.html,"Jumlah kunjungan wisman ke Indonesia bulan November 2020 mencapai 175,31 ribu kunjungan. Jumlah kunjungan wisa"
2020-12,2021-02-01,2021-02-01_1796.pdf,https://www.bps.go.id/id/pressrelease/2021/02/01/1796/jumlah-kunjungan-wisman-ke-indonesia-bulan-desember-2020-mencapai-164-09-ribu-kunjungan-.html,"Jumlah kunjungan wisman ke Indonesia bulan Desember 2020 mencapai 164,09 ribu kunjungan. Jumlah kunjungan wisa"
2021-01,2021-03-01,2021-03-01_1797.pdf,https://www.bps.go.id/id/pressrelease/2021/03/01/1797/jumlah-kunjungan-wisman-ke-indonesia-bulan-januari-2021-mencapai-141-26-ribu-kunjungan.html,"Jumlah kunjungan wisman ke Indonesia bulan Januari 2021 mencapai 141,26 ribu kunjungan Jumlah kunjungan wisata"
2021-02,2021-04-01,2021-04-01_1798.pdf,https://www.bps.go.id/id/pressrelease/2021/04/01/1798/jumlah-kunjungan-wisman-ke-indonesia-bulan-februari-2021-mencapai-117-00-ribu-kunjungan.html,"Jumlah kunjungan wisman ke Indonesia bulan Februari 2021 mencapai 117,00 ribu kunjungan Jumlah kunjungan wisat"
2021-03,2021-05-03,2021-05-03_1799.pdf,https://www.bps.go.id/id/pressrelease/2021/05/03/1799/jumlah-kunjungan-wisman-ke-indonesia-bulan-maret-2021-mencapai-132-60-ribu-kunjungan-.html,"Jumlah kunjungan wisman ke Indonesia bulan Maret 2021 mencapai 132,60 ribu kunjungan. Jumlah kunjungan wisataw"
2021-04,2021-06-02,2021-06-02_1800.pdf,https://www.bps.go.id/id/pressrelease/2021/06/02/1800/jumlah-kunjungan-wisman-ke-indonesia-april-2021-mencapai-127-51-ribu-kunjungan-.html,"Jumlah kunjungan wisman ke Indonesia April 2021 mencapai 127,51 ribu kunjungan. Jumlah kunjungan wisatawan man"
2021-05,2021-07-01,2021-07-01_1801.pdf,https://www.bps.go.id/id/pressrelease/2021/07/01/1801/jumlah-kunjungan-wisman-ke-indonesia-mei-2021-mencapai-155-61-ribu-kunjungan.html,"Jumlah kunjungan wisman ke Indonesia Mei 2021 mencapai 155,61 ribu kunjungan • Jumlah kunjungan wisatawan manc"
2021-06,2021-08-02,2021-08-02_1802.pdf,https://www.bps.go.id/id/pressrelease/2021/08/02/1802/jumlah-kunjungan-wisman-ke-indonesia-bulan-juni-2021-mencapai-140-85-ribu-kunjungan.html,"Jumlah kunjungan wisman ke Indonesia bulan Juni 2021 mencapai 140,85 ribu kunjungan Jumlah kunjungan wisatawan"
2021-07,2021-09-01,2021-09-01_1803.pdf,https://www.bps.go.id/id/pressrelease/2021/09/01/1803/jumlah-kunjungan-wisman-ke-indonesia-pada-bulan-juli-2021-mencapai-138-97-ribu-kunjungan.html,"Jumlah kunjungan wisman ke Indonesia pada bulan Juli 2021 mencapai 138,97 ribu kunjungan Jumlah kunjungan wisa"
2021-08,2021-10-01,2021-10-01_1804.pdf,https://www.bps.go.id/id/pressrelease/2021/10/01/1804/perkembangan-pariwisata-dan-transportasi-nasional-bulan-agustus-2021.html,Perkembangan Pariwisata dan Transportasi Nasional Bulan Agustus 2021 A. Perkembangan PariwisataJumlah kunjunga
2021-09,2021-11-01,2021-11-01_1805.pdf,https://www.bps.go.id/id/pressrelease/2021/11/01/1805/jumlah-kunjungan-wisman-ke-indonesia-pada-september-2021-mencapai-126-51-ribu-kunjungan--sementara-tpk-hotel-klasifikasi-bintang-mencapai-36-64-persen-.html,"Jumlah kunjungan wisman ke Indonesia pada September 2021 mencapai 126,51 ribu kunjungan. Sementara TPK hotel k"
2021-10,2021-12-01,2021-12-01_1806.pdf,https://www.bps.go.id/id/pressrelease/2021/12/01/1806/jumlah-kunjungan-wisman-ke-indonesia-di-bulan-oktober-2021-mencapai-151-03-ribu-kunjungan--sementara-tpk-hotel-klasifikasi-bintang-mencapai-45-62-persen-dan-jumlah-penumpang-angkutan-udara-domestik-di-bulan-oktober-2021-naik-48-45-persen.html,"Jumlah kunjungan wisman ke Indonesia di bulan Oktober 2021 mencapai 151,03 ribu kunjungan. Sementara TPK hotel"
2021-11,2022-01-03,2022-01-03_1868.pdf,https://www.bps.go.id/id/pressrelease/2022/01/03/1868/jumlah-kunjungan-wisman-ke-indonesia-pada-november-2021-mencapai-153-20-ribu-kunjungan-dan-jumlah-penumpang-angkutan-udara-internasional-pada-november-2021-naik-42-26-persen-.html,"Jumlah kunjungan wisman ke Indonesia pada November 2021 mencapai 153,20 ribu kunjungan dan Jumlah penumpang an"
2021-12,2022-02-02,2022-02-02_1869.pdf,https://www.bps.go.id/id/pressrelease/2022/02/02/1869/jumlah-kunjungan-wisman-ke-indonesia-bulan-desember-2021-mencapai-163-62-ribu-kunjungan-dan-jumlah-penumpang-angkutan-udara-internasional-bulan-desember-2021-naik-29-84-persen-.html,"Jumlah kunjungan wisman ke Indonesia bulan Desember 2021 mencapai 163,62 ribu kunjungan dan Jumlah penumpang a"
2022-01,2022-03-01,2022-03-01_1870.pdf,https://www.bps.go.id/id/pressrelease/2022/03/01/1870/jumlah-kunjungan-wisman-ke-indonesia-bulan-januari-2022-mencapai-143-74-ribu-kunjungan--dan-jumlah-penumpang-kereta-api-pada-januari-2022-naik-1-78-persen--.html,"Jumlah kunjungan wisman ke Indonesia bulan Januari 2022 mencapai 143,74 ribu kunjungan, dan Jumlah penumpang k"
2022-02,2022-04-01,2022-04-01_1871.pdf,https://www.bps.go.id/id/pressrelease/2022/04/01/1871/jumlah-kunjungan-wisman-ke-indonesia-pada-februari-2022-melalui-pintu-masuk-utama-mencapai-18-46-ribu-kunjungan--dan-jumlah-penumpang-angkutan-udara-internasional-pada-februari-2022-naik-21-74-persen-.html,"Jumlah kunjungan wisman ke Indonesia pada Februari 2022 melalui pintu masuk utama mencapai 18,46 ribu kunjunga"
2022-03,2022-05-09,2022-05-09_1872.pdf,https://www.bps.go.id/id/pressrelease/2022/05/09/1872/jumlah-kunjungan-wisman-ke-indonesia-melalui-pintu-masuk-utama-pada-maret-2022-mencapai-40-79-ribu-kunjungan-dan-jumlah-penumpang-angkutan-udara-internasional-pada-maret-2022-naik-84-40-persen-.html,"Jumlah kunjungan wisman ke Indonesia melalui pintu masuk utama pada Maret 2022 mencapai 40,79 ribu kunjungan d"
2022-04,2022-06-02,2022-06-02_1873.pdf,https://www.bps.go.id/id/pressrelease/2022/06/02/1873/jumlah-kunjungan-wisman-ke-indonesia-melalui-pintu-masuk-utama-pada-april-2022-mencapai-111-06-ribu-kunjungan-dan-jumlah-penumpang-angkutan-udara-internasional-pada-april-2022-naik-55-77-persen-.html,"Jumlah kunjungan wisman ke Indonesia melalui pintu masuk utama pada April 2022 mencapai 111,06 ribu kunjungan "
2022-05,2022-07-01,2022-07-01_1874.pdf,https://www.bps.go.id/id/pressrelease/2022/07/01/1874/jumlah-kunjungan-wisman-ke-indonesia-melalui-pintu-masuk-utama-pada-mei-2022-mencapai-212-33-ribu-kunjungan--dan-jumlah-penumpang-angkutan-udara-domestik-pada-mei-2022-naik-40-41-persen.html,"Jumlah kunjungan wisman ke Indonesia melalui pintu masuk utama pada Mei 2022 mencapai 212,33 ribu kunjungan, d"
2022-06,2022-08-01,2022-08-01_1875.pdf,https://www.bps.go.id/id/pressrelease/2022/08/01/1875/jumlah-kunjungan-wisman-ke-indonesia-melalui-pintu-masuk-utama-pada-juni-2022-mencapai-345-44-ribu-kunjungan-dan-jumlah-penumpang-angkutan-udara-internasional-pada-juni-2022-naik-23-28-persen.html,"Jumlah kunjungan wisman ke Indonesia melalui pintu masuk utama pada Juni 2022 mencapai 345,44 ribu kunjungan d"
2022-07,2022-09-01,2022-09-01_1876.pdf,https://www.bps.go.id/id/pressrelease/2022/09/01/1876/jumlah-kunjungan-wisman-ke-indonesia-melalui-pintu-masuk-utama-pada-juli-2022-mencapai-476-97-ribu-kunjungan--dan-jumlah-penumpang-kereta-api-pada-juli-2022-naik-9-02-persen-.html,"Jumlah kunjungan wisman ke Indonesia melalui pintu masuk utama pada Juli 2022 mencapai 476,97 ribu kunjungan, "
2022-08,2022-10-03,2022-10-03_1877.pdf,https://www.bps.go.id/id/pressrelease/2022/10/03/1877/jumlah-kunjungan-wisman-ke-indonesia-melalui-pintu-masuk-utama-pada-agustus-2022-mencapai-510-25-ribu-kunjungan-dan-jumlah-penumpang-angkutan-udara-internasional-pada-agustus-2022-naik-32-29-persen.html,"Jumlah kunjungan wisman ke Indonesia melalui pintu masuk utama pada Agustus 2022 mencapai 510,25 ribu kunjunga"
2022-09,2022-11-01,2022-11-01_1878.pdf,https://www.bps.go.id/id/pressrelease/2022/11/01/1878/jumlah-kunjungan-wisman-ke-indonesia-melalui-pintu-masuk-utama-pada-september-2022-mencapai-538-32-ribu-kunjungan-dan-jumlah-penumpang-angkutan-udara-internasional-pada-september-2022-naik-11-52-persen-.html,"Jumlah kunjungan wisman ke Indonesia melalui pintu masuk utama pada September 2022 mencapai 538,32 ribu kunjun"
2022-10,2022-12-01,2022-12-01_1879.pdf,https://www.bps.go.id/id/pressrelease/2022/12/01/1879/jumlah-kunjungan-wisman-ke-indonesia-pada-oktober-2022-mencapai-678-53-ribu-kunjungan-dan-jumlah-penumpang-angkutan-udara-domestik-pada-oktober-2022-naik-10-08-persen.html,"Jumlah kunjungan wisman ke Indonesia pada Oktober 2022 mencapai 678,53 ribu kunjungan dan Jumlah penumpang ang"
2022-11,2023-01-02,2023-01-02_1973.pdf,https://www.bps.go.id/id/pressrelease/2023/01/02/1973/jumlah-kunjungan-wisman-ke-indonesia-pada-november-2022-mencapai-657-27-ribu-kunjungan-dan-jumlah-penumpang-angkutan-udara-domestik-pada-november-2022-naik-1-06-persen-.html,"Jumlah kunjungan wisman ke Indonesia pada November 2022 mencapai 657,27 ribu kunjungan dan Jumlah penumpang an"
2022-12,2023-02-01,2023-02-01_1974.pdf,https://www.bps.go.id/id/pressrelease/2023/02/01/1974/jumlah-kunjungan-wisman-ke-indonesia-pada-desember-2022-mencapai-895-12-ribu-kunjungan-dan-jumlah-penumpang-angkutan-udara-internasional-pada-desember-2022-naik-14-87-persen.html,"Jumlah kunjungan wisman ke Indonesia pada Desember 2022 mencapai 895,12 ribu kunjungan dan Jumlah penumpang an"
2023-01,2023-03-01,2023-03-01_1975.pdf,https://www.bps.go.id/id/pressrelease/2023/03/01/1975/jumlah-kunjungan-wisman-ke-indonesia-pada-januari-2023-mencapai-735-95-ribu-kunjungan-dan-jumlah-penumpang-angkutan-udara-internasional-pada-januari-2023-naik-1-97-persen.html,"Jumlah kunjungan wisman ke Indonesia pada Januari 2023 mencapai 735,95 ribu kunjungan dan Jumlah penumpang ang"
2023-02,2023-04-03,2023-04-03_1976.pdf,https://www.bps.go.id/id/pressrelease/2023/04/03/1976/kunjungan-wisatawan-mancanegara-pada-februari-2023-yang-tumbuh-567-27-dibandingkan-februari-2022-dan-jumlah-penumpang-angkutan-udara-domestik-selama-januari-februari-2023-sebanyak-9-3-juta-orang.html,"Kunjungan wisatawan mancanegara pada Februari 2023 yang tumbuh 567,27 dibandingkan Februari 2022 dan Jumlah pe"
2023-03,2023-05-02,2023-05-02_1977.pdf,https://www.bps.go.id/id/pressrelease/2023/05/02/1977/kunjungan-wisatawan-mancanegara-pada-maret-2023-tumbuh-470-37-persen-bila-dibandingkan-bulan-yang-sama-pada-tahun-lalu-dan-jumlah-penumpang-angkutan-kereta-api-pada-maret-2023-naik-13-56-persen.html,"Kunjungan wisatawan mancanegara pada Maret 2023 tumbuh 470,37 persen bila dibandingkan bulan yang sama pada ta"
2023-04,2023-06-05,2023-06-05_1978.pdf,https://www.bps.go.id/id/pressrelease/2023/06/05/1978/peningkatan-kunjungan-wisatawan-mancanegara-pada-april-2023-yang-tumbuh-276-31-persen-dibandingkan-april-2022-dan-jumlah-penumpang-angkutan-laut-dalam-negeri-pada-april-2023-naik-24-75-persen.html,"Peningkatan kunjungan wisatawan mancanegara pada April 2023 yang tumbuh 276,31 persen dibandingkan April 2022 "
2023-05,2023-07-03,2023-07-03_1979.pdf,https://www.bps.go.id/id/pressrelease/2023/07/03/1979/kunjungan-wisatawan-mancanegara-pada-mei-2023-tumbuh-166-42-persen-bila-dibandingkan-bulan-yang-sama-pada-tahun-lalu-dan-jumlah-penumpang-angkutan-udara-internasional-pada-mei-2023-naik-14-40-persen.html,"Kunjungan wisatawan mancanegara pada Mei 2023 tumbuh 166,42 persen bila dibandingkan bulan yang sama pada tahu"
2023-06,2023-08-01,2023-08-01_1980.pdf,https://www.bps.go.id/id/pressrelease/2023/08/01/1980/kunjungan-wisatawan-mancanegara-pada-juni-2023-tumbuh-119-64-persen-bila-dibandingkan-bulan-yang-sama-pada-tahun-lalu-dan-jumlah-penumpang-angkutan-udara-internasional-pada-juni-2023-naik-10-66-persen.html,"Kunjungan wisatawan mancanegara pada Juni 2023 tumbuh 119,64 persen bila dibandingkan bulan yang sama pada tah"
2023-07,2023-09-01,2023-09-01_1981.pdf,https://www.bps.go.id/id/pressrelease/2023/09/01/1981/kunjungan-wisatawan-mancanegara-pada-juli-2023-tumbuh-74-07-persen-bila-dibandingkan-bulan-yang-sama-pada-tahun-lalu-dan-jumlah-penumpang-angkutan-udara-domestik-pada-juli-2023-naik-9-11-persen.html,"Kunjungan wisatawan mancanegara pada Juli 2023 tumbuh 74,07 persen bila dibandingkan bulan yang sama pada tahu"
2023-08,2023-10-02,2023-10-02_1982.pdf,https://www.bps.go.id/id/pressrelease/2023/10/02/1982/kunjungan-wisatawan-mancanegara-pada-agustus-2023-tumbuh-68-92-persen-bila-dibandingkan-bulan-yang-sama-pada-tahun-lalu.html,"Kunjungan wisatawan mancanegara pada Agustus 2023 tumbuh 68,92 persen bila dibandingkan bulan yang sama pada t"
2023-09,2023-11-01,2023-11-01_2047.pdf,https://www.bps.go.id/id/pressrelease/2023/11/01/2047/kunjungan-wisatawan-mancanegara-pada-september-2023-tumbuh-52-76-persen-bila-dibandingkan-bulan-yang-sama-pada-tahun-lalu.html,"Kunjungan wisatawan mancanegara pada September 2023 tumbuh 52,76 persen bila dibandingkan bulan yang sama pada"
2023-10,2023-12-01,2023-12-01_2048.pdf,https://www.bps.go.id/id/pressrelease/2023/12/01/2048/kunjungan-wisatawan-mancanegara-pada-oktober-2023-mencapai-978-50-ribu-kunjungan--naik-33-27-persen--year-on-year-.html,"Kunjungan wisatawan mancanegara pada Oktober 2023 mencapai 978,50 ribu kunjungan, naik 33,27 persen (year-on-y"
2023-11,2024-01-02,2024-01-02_2346.pdf,https://www.bps.go.id/id/pressrelease/2024/01/02/2346/kunjungan-wisatawan-mancanegara-pada-november-2023-mencapai-917-41-ribu-kunjungan--naik-30-17-persen--year-on-year-.html,"Kunjungan wisatawan mancanegara pada November 2023 mencapai 917,41 ribu kunjungan, naik 30,17 persen (year-on-"
2023-12,2024-02-01,2024-02-01_2347.pdf,https://www.bps.go.id/id/pressrelease/2024/02/01/2347/kunjungan-wisatawan-mancanegara-pada-desember-2023-mencapai-1-14-juta-kunjungan--naik-20-17-persen--year-on-year--.html,"Kunjungan wisatawan mancanegara pada Desember 2023 mencapai 1,14 juta kunjungan, naik 20,17 persen (year-on-ye"
2024-01,2024-03-01,2024-03-01_2348.pdf,https://www.bps.go.id/id/pressrelease/2024/03/01/2348/kunjungan-wisatawan-mancanegara-pada-januari-2024-mencapai-927-75-ribu-kunjungan--naik-16-19-persen--y-on-y---tingkat-penghunian-kamar-di-hotel-bintang-pada-januari-2024-mencapai-46-72-persen--y-on-y-.html,"Kunjungan wisatawan mancanegara pada Januari 2024 mencapai 927,75 ribu kunjungan, naik 16,19 persen (y-on-y). "
2024-02,2024-04-01,2024-04-01_2349.pdf,https://www.bps.go.id/id/pressrelease/2024/04/01/2349/kunjungan-wisatawan-mancanegara-pada-februari-2024-mencapai-1-04-juta-kunjungan--naik-38-24-persen--y-on-y---jumlah-perjalanan-wisatawan-nasional--wisnas--pada-februari-2024-mencapai-622-15-ribu-perjalanan--naik-7-22-persen--y-on-y--.html,"Kunjungan wisatawan mancanegara pada Februari 2024 mencapai 1,04 juta kunjungan, naik 38,24 persen (Y-on-Y). J"
2024-03,2024-05-02,2024-05-02_2350.pdf,https://www.bps.go.id/id/pressrelease/2024/05/02/2350/kunjungan-wisatawan-mancanegara-pada-april-2024-mencapai-1-07-juta-kunjungan--naik-23-23-persen-year-on-year--y-on-y-.html,"Kunjungan wisatawan mancanegara pada April 2024 mencapai 1,07 juta kunjungan, naik 23,23 persen Year-on-Year ("
2024-04,2024-06-03,2024-06-03_2351.pdf,https://www.bps.go.id/id/pressrelease/2024/06/03/2351/perkembangan-pariwisata-april-2024.html,"Perkembangan Pariwisata April 2024 Pada April 2024, kunjungan wisatawan mancanegara (wisman) di Indonesiamenca"
2024-05,2024-07-01,2024-07-01_2352.pdf,https://www.bps.go.id/id/pressrelease/2024/07/01/2352/pada-mei-2024--kunjungan-wisatawan-mancanegara--wisman--di-indonesia-mencapai-1-15-juta-kunjungan--jumlah-ini-naik-sebesar-7-36-persen-dibandingkan-april-2024-month-to-month--m-to-m--dan-naik-20-11-persen-dibandingkan-bulan-yang-sama-pada-tahun-lalu--y-on-y--.html,"Pada Mei 2024, kunjungan wisatawan mancanegara (wisman) di Indonesia mencapai 1,15 juta kunjungan. Jumlah ini "
2024-06,2024-08-01,2024-08-01_2353.pdf,https://www.bps.go.id/id/pressrelease/2024/08/01/2353/kunjungan-wisatawan-mancanegara-pada-juni-2024-mencapai-1-17-juta-kunjungan--naik-9-99-persen-year-on-year--y-on-y--.html,"Kunjungan wisatawan mancanegara pada Juni 2024 mencapai 1,17 juta kunjungan, naik 9,99 persen Year-on-Year (Y-"
2024-07,2024-09-02,2024-09-02_2354.pdf,https://www.bps.go.id/id/pressrelease/2024/09/02/2354/kunjungan-wisatawan-mancanegara--wisman--pada-juli-2024-mencapai--1-31-juta-kunjungan--naik-16-91-persen-year-on-year--y-on-y--.html,"Kunjungan wisatawan mancanegara (wisman) pada Juli 2024 mencapai 1,31 juta kunjungan, naik 16,91 persen year-o"
2024-08,2024-10-01,2024-10-01_2355.pdf,https://www.bps.go.id/id/pressrelease/2024/10/01/2355/kunjungan-wisatawan-mancanegara--wisman--pada-agustus-2024-mencapai-1-34-juta-kunjungan--naik-18-30-persen-year-on-year--y-on-y--.html,"Kunjungan wisatawan mancanegara (wisman) pada Agustus 2024 mencapai 1,34 juta kunjungan, naik 18,30 persen yea"
2024-09,2024-11-01,2024-11-01_2356.pdf,https://www.bps.go.id/id/pressrelease/2024/11/01/2356/kunjungan-wisatawan-mancanegara--wisman--pada-september-2024-mencapai-1-28-juta-kunjungan--naik-19-53-persen-year-on-year--y-on-y--.html,"Kunjungan wisatawan mancanegara (wisman) pada September 2024 mencapai 1,28 juta kunjungan, naik 19,53 persen y"
2024-10,2024-12-02,2024-12-02_2357.pdf,https://www.bps.go.id/id/pressrelease/2024/12/02/2357/kunjungan-wisatawan-mancanegara--wisman--pada-oktober-2024-mencapai-1-19-juta-kunjungan--naik-22-01-persen-year-on-year--y-on-y--.html,"Kunjungan wisatawan mancanegara (wisman) pada Oktober 2024 mencapai 1,19 juta kunjungan, naik 22,01 persen yea"
2024-11,2025-01-02,2025-01-02_2395.pdf,https://www.bps.go.id/id/pressrelease/2025/01/02/2395/kunjungan-wisatawan-mancanegara--wisman--pada-november-2024-mencapai-1-09-juta-kunjungan--naik-17-27-persen-year-on-year--y-on-y--.html,"Kunjungan wisatawan mancanegara (wisman) pada November 2024 mencapai 1,09 juta kunjungan, naik 17,27 persen ye"
2024-12,2025-02-03,2025-02-03_2407.pdf,https://www.bps.go.id/id/pressrelease/2025/02/03/2407/kunjungan-wisatawan-mancanegara--wisman--pada-desember-2024-mencapai-1-24-juta-kunjungan--naik-8-72-persen-year-on-year--y-o-y--.html,"Kunjungan wisatawan mancanegara (wisman) pada Desember 2024 mencapai 1,24 juta kunjungan, naik 8,72 persen yea"
2025-02,2025-04-08,2025-04-08_2421.pdf,https://www.bps.go.id/id/pressrelease/2025/04/08/2421/tingkat-penghunian-kamar-di-hotel-bintang-mengalami-penurunan-dari-48-38-persen-pada-januari-2025-menjadi-47-21-persen-pada-februari-2025-turun-1-17-poin--m-to-m--.html,"Tingkat Penghunian Kamar di hotel bintang mengalami penurunan dari 48,38 persen pada Januari 2025 menjadi 47,2"
2025-03,2025-05-02,2025-05-02_2424.pdf,https://www.bps.go.id/id/pressrelease/2025/05/02/2424/kunjungan-wisatawan-mancanegara--wisman--melalui-pintu-masuk-utama-pada-maret-2025-mencapai-841-03-ribu-kunjungan--turun-2-18-persen--y-on-y--.html,"Kunjungan wisatawan mancanegara (wisman) melalui pintu masuk utama pada Maret 2025 mencapai 841,03 ribu kunjun"
2025-04,2025-06-02,2025-06-02_2436.pdf,https://www.bps.go.id/id/pressrelease/2025/06/02/2436/kunjungan-wisatawan-mancanegara--wisman--pada-april-2025-mencapai-1-16-juta-kunjungan--naik-9-15-persen--y-on-y--.html,"Kunjungan wisatawan mancanegara (wisman) pada April 2025 mencapai 1,16 juta kunjungan, naik 9,15 persen (y-on-"
2025-05,2025-07-01,2025-07-01_2442.pdf,https://www.bps.go.id/id/pressrelease/2025/07/01/2442/kunjungan-wisatawan-mancanegara--wisman--pada-mei-2025-mencapai-1-31-juta-kunjungan--naik-14-01-persen--y-on-y---.html,"Kunjungan wisatawan mancanegara (wisman) pada Mei 2025 mencapai 1,31 juta kunjungan, naik 14,01 persen (y-on-y"
2025-06,2025-08-01,2025-08-01_2449.pdf,https://www.bps.go.id/id/pressrelease/2025/08/01/2449/pada-juni-2025--wisman-mencapai-1-42-juta-kunjungan--naik-18-20-persen---wisnus-105-12-juta-perjalanan--naik-25-93-persen---wisnas-727-56-ribu-perjalanan--dan-tpk-hotel-bintang-mencapai-49-98persen--turun-4-71-poin--.html,"Pada Juni 2025, wisman mencapai 1,42 juta kunjungan (naik 18,20 persen), wisnus 105,12 juta perjalanan (naik 2"
2025-07,2025-09-01,2025-09-01_2462.pdf,https://www.bps.go.id/id/pressrelease/2025/09/01/2462/juli-2025--kunjungan-wisman-di-indonesia-mencapai-1-48-juta-kunjungan--jumlah-perjalanan-wisnus-100-20-juta--jumlah-perjalanan-wisnas-869-93-ribu--dan-tingkat-penghunian-kamar--tpk--di-hotel-bintang-52-79-persen-.html,"Juli 2025, kunjungan wisman di Indonesia mencapai 1,48 juta kunjungan, jumlah perjalanan wisnus 100,20 juta, j"
2025-08,2025-10-01,2025-10-01_2466.pdf,https://www.bps.go.id/id/pressrelease/2025/10/01/2466/agustus-2025--kunjungan-wisman-di-indonesia-mencapai-1-51-juta-kunjungan--jumlah-perjalanan-wisnus-93-57-juta--jumlah-perjalanan-wisnas-684-93--ribu--dan-tingkat-penghunian-kamar--tpk--di-hotel-bintang-50-51-persen-.html,"Agustus 2025, kunjungan wisman di Indonesia mencapai 1,51 juta kunjungan, jumlah perjalanan wisnus 93,57 juta,"
2025-09,2025-11-03,2025-11-03_2474.pdf,https://www.bps.go.id/id/pressrelease/2025/11/03/2474/september-2025--kunjungan-wisman-di-indonesia-mencapai-1-39-juta-kunjungan--jumlah-perjalanan-wisnus-mencapai-94-36-juta--jumlah-perjalanan-wisnas-mencapai-695-91-ribu--tingkat-penghunian-kamar--tpk--hotel-bintang-50-16-persen-.html,"September 2025, kunjungan wisman di Indonesia mencapai 1,39 juta kunjungan, jumlah perjalanan wisnus mencapai "
2025-10,2025-12-01,2025-12-01_2485.pdf,https://www.bps.go.id/id/pressrelease/2025/12/01/2485/oktober-2025--kunjungan-wisman-di-indonesia-mencapai-1-33-juta-kunjungan--jumlah-perjalanan-wisnus-96-00-juta--jumlah-perjalanan-wisnas-725-42-ribu--dan-tingkat-penghunian-kamar--tpk--di-hotel-bintang-52-84-persen-.html,"Oktober 2025, kunjungan wisman di Indonesia mencapai 1,33 juta kunjungan; jumlah perjalanan wisnus 96,00 juta;"
2025-11,2026-01-05,2026-01-05_2534.pdf,https://www.bps.go.id/id/pressrelease/2026/01/05/2534/november-2025--kunjungan-wisman-di-indonesia-mencapai-1-20-juta-kunjungan--jumlah-perjalanan-wisnus-96-45-juta--jumlah-perjalanan-wisnas-794-73-ribu--dan-tingkat-penghunian-kamar--tpk--di-hotel-bintang-53-89-persen-.html,"November 2025, kunjungan wisman di Indonesia mencapai 1,20 juta kunjungan, jumlah perjalanan wisnus 96,45 juta"
2025-12,2026-02-02,2026-02-02_2541.pdf,https://www.bps.go.id/id/pressrelease/2026/02/02/2541/desember-2025--kunjungan-wisman-di-indonesia-mencapai-1-41-juta-kunjungan--jumlah-perjalanan-wisnus-105-98-juta--jumlah-perjalanan-wisnas-823-77-ribu--dan-tingkat-penghunian-kamar--tpk--di-hotel-bintang-56-12--persen-.html,"Desember 2025, kunjungan wisman di Indonesia mencapai 1,41 juta kunjungan, jumlah perjalanan wisnus 105,98 jut"
2026-01,2026-03-02,2026-03-02_2556.pdf,https://www.bps.go.id/id/pressrelease/2026/03/02/2556/januari-2026--kunjungan-wisman-melalui-pintu-masuk-utama-di-indonesia-mencapai-1-01-juta-kunjungan--jumlah-perjalanan-wisnus-102-04-juta--jumlah-perjalanan-wisnas-1-01-juta--dan-tingkat-penghunian-kamar--tpk--di-hotel-bintang-47-53-persen-.html,"Januari 2026, kunjungan wisman melalui pintu masuk utama di Indonesia mencapai 1,01 juta kunjungan, jumlah per"
2026-02,2026-04-01,2026-04-01_2558.pdf,https://www.bps.go.id/id/pressrelease/2026/04/01/2558/februari-2026--kunjungan-wisman-di-indonesia-mencapai-1-16-juta-kunjungan--jumlah-perjalanan-wisnus-91-14-juta--jumlah-perjalanan-wisnas-701-07-ribu--dan-tingkat-penghunian-kamar--tpk--di-hotel-bintang-44-89-persen-.html,"Februari 2026, kunjungan wisman di Indonesia mencapai 1,16 juta kunjungan, jumlah perjalanan wisnus 91,14 juta"
2026-03,2026-05-04,2026-05-04_2568.pdf,https://www.bps.go.id/id/pressrelease/2026/05/04/2568/maret-2026--kunjungan-wisman-di-indonesia-mencapai-1-09-juta-kunjungan--jumlah-perjalanan-wisnus-126-34-juta--jumlah-perjalanan-wisnas-793-16-ribu--dan-tingkat-penghunian-kamar--tpk--di-hotel-bintang-42-78-persen-.html,"Maret 2026, kunjungan wisman di Indonesia mencapai 1,09 juta kunjungan, jumlah perjalanan wisnus 126,34 juta, "
2026-04,2026-06-02,2026-06-02_2585.pdf,https://www.bps.go.id/id/pressrelease/2026/06/02/2585/april-2026--kunjungan-wisman-di-indonesia-mencapai-1-25-juta-kunjungan--jumlah-perjalanan-wisnus-97-55-juta--jumlah-perjalanan-wisnas-643-66-ribu--dan-tingkat-penghunian-kamar--tpk--di-hotel-bintang-48-83--persen-.html,"April 2026, kunjungan wisman di Indonesia mencapai 1,25 juta kunjungan, jumlah perjalanan wisnus 97,55 juta, j"
2026-05,2026-07-01,2026-07-01_2588.pdf,https://www.bps.go.id/id/pressrelease/2026/07/01/2588/mei-2026--kunjungan-wisman-di-indonesia-mencapai-1-38-juta-kunjungan--jumlah-perjalanan-wisnus-106-16-juta--jumlah-perjalanan-wisnas-550-38-ribu--dan-tingkat-penghunian-kamar--tpk--di-hotel-bintang-50-76-persen-.html,"Mei 2026, kunjungan wisman di Indonesia mencapai 1,38 juta kunjungan, jumlah perjalanan wisnus 106,16 juta, ju"
2026-06,2026-08-03,2026-08-03_2600.pdf,https://www.bps.go.id/id/pressrelease/2026/08/03/2600/juni-2026--kunjungan-wisman-di-indonesia-mencapai-1-39-juta-kunjungan--jumlah-perjalanan-wisnus-107-19-juta--jumlah-perjalanan-wisnas-766-78-ribu--dan-tingkat-penghunian-kamar--tpk--di-hotel-bintang-54-28-persen-.html,"Juni 2026, kunjungan wisman di Indonesia mencapai 1,39 juta kunjungan, jumlah perjalanan wisnus 107,19 juta, j"
2026-07,2026-09-01,2026-09-01_2609.pdf,https://www.bps.go.id/id/pressrelease/2026/09/01/2609/juli-2026--kunjungan-wisman-di-indonesia-mencapai-1-53-juta-kunjungan--jumlah-perjalanan-wisnus-107-44-juta--jumlah-perjalanan-wisnas-802-67-ribu--dan-tingkat-penghunian-kamar--tpk--di-hotel-bintang-54-54-persen-.html,"Juli 2026, kunjungan wisman di Indonesia mencapai 1,53 juta kunjungan, jumlah perjalanan wisnus 107,44 juta, j"
2026-08,2026-10-01,2026-10-01_2617.pdf,https://www.bps.go.id/id/pressrelease/2026/10/01/2617/agustus-2026--kunjungan-wisman-di-indonesia-mencapai-1-60-juta-kunjungan--jumlah-perjalanan-wisnus-104-30-juta--jumlah-perjalanan-wisnas-643-69-ribu--dan-tingkat-penghunian-kamar--tpk--di-hotel-bintang-52-52-persen-.html,"Agustus 2026, kunjungan wisman di Indonesia mencapai 1,60 juta kunjungan, jumlah perjalanan wisnus 104,30 juta"
